计,酚非翴,H_P_degree,H_P_minute,H_P_second,H_R_degree,H_R_minute,H_R_second,Z_P_degree,Z_P_minute,Z_P_second,Z_R_degree,Z_R_minute,Z_R_second
1,蔼翴,322,43,22,142,43,22,69,34,15,290,26,49
1,キ翴,0,0,0,179,59,56,88,12,55,271,46,7
1,把翴,57,52,55,237,52,59,95,54,18,264,5,46
2,蔼翴,22,43,21,202,43,25,69,33,15,290,26,46
2,キ翴,60,0,0,239,59,55,88,13,55,271,46,10
2,把翴,117,52,56,297,52,58,95,53,18,264,5,47
3,蔼翴,82,43,23,262,43,25,69,33,15,290,26,47
3,キ翴,120,0,0,299,59,53,88,13,55,271,46,7
3,把翴,177,52,55,357,52,59,95,54,18,264,5,43
